Чиркин;Ричард;Семёнович;3;1;10.01.2019;10.01.2020
Иванушкин;Александр;Кармикоэльный;;2;17.07.2019;17.07.2023
Хестанов;Андрей;Дрюзаевич;;2;14.05.2018;14.05.2022
Козлов;Максим;Шустрилович;;4;11.03.2019;11.03.2020
Соколов;Александр;Соколович;;2;23.06.2018;23.08.2022
Власов;Григорий;Грегорович;;2;06.10.2019;06.10.2023
Макаренков;Алексей;Фогеймер;;2;27.02.2019;27.02.2023
Комолятов;Артём;Фогеймер;;4;27.02.2019;27.02.2020
Балалай;Владислав;;;2;29.04.2018;29.04.2022
 Пламенев;Павел;;;2;13.11.2019;13.11.2023
Ларин;Павел;;;2;30.04.2018;30.04.2022
Шарифов;Артур;;;2;07.05.2018;07.05.2022
Дигал;Илья;Диглович;;3;15.12.2018;15.12.2020
 Кондраков;Кирилл;;;3;19.02.2019;19.02.2020
Попадинец;Евгений;Утопичнович;;2;21.02.2019;21.02.2023
Чужой;Алексей;;;2;25.02.2019;25.02.2023
Капитанов;Виктор;Звёздный;;2;30.04.2018;30.04.2022
Дурда;Станислав;Анихамстерович;;2;03.04.2019;03.04.2023
Чбу;Велинд;Хикаро;;2;01.01.2019;01.01.2023
Шаевич;Валентин;Позжевич;;2;02.01.2019;02.01.2023
Сергеевич;Роман;Махоун;;2;23.08.2019;23.08.2023
Литвинов;Роман;Викторович;;2;09.07.2018;09.07.2022
Лемитлесс;Карима;Моббвна;;3;23.08.2019;09.07.2020
Медведев;Владимир;;;2;13.02.2018;13.02.2022
Хивзд;Ликорис;Плэерович;;3;03.04.2019;03.04.2020
Убыша; Эвелина;Иларионовна;;5;30.10.2019;30.10.2020
Овощников;Поликарп;Эмилевич;1;1;01.09.2019;01.09.2020
Яранов; Лукьян;Кондратович;1;1;02.09.2019;02.09.2020
Собачкин; Бронислав; Иосифович;3;1;03.09.2019;03.09.2020
Гордеев;Денис;Сергеевич;3;1;04.09.2019;04.09.2020
Королёв;Сергей;Игоревич;3;1;05.09.2019;05.09.2020
Крутяков;Денис;Юрьевич;3;1;06.09.2019;06.09.2020
Кочерев;Александр;Владимирович;3;1;07.09.2019;07.09.2020
Гафуров;Расул;Боймухамадович;3;1;08.09.2019;08.09.2020
Язьков; Кузьма;Казимирович;1;1;09.09.2019;09.09.2020
Толстокожев;Платон;Евлампиевич;1;1;10.09.2019;10.09.2020
Колодезев; Чеслав; Сергеевич;1;1;11.09.2019;11.09.2020
Былинкин;Илья;Ипполитович;1;1;12.09.2019;12.09.2020
Клинских;Владимир;Архипович;1;1;13.09.2019;13.09.2020
Дуванова;Антонина;Елизаровна;1;1;14.09.2019;14.09.2020
Оболенская;Владлена;Романовна;;5;15.09.2019;15.09.2020
Курдин;Аскольд;Мартьянович;1;1;16.09.2019;16.09.2020
Дугин;Анатолий;Панкратиевич;1;1;17.09.2019;17.09.2020
Авдеев;Эдуард;Егорович;1;1;18.09.2019;18.09.2020
Кутюков;Арнольд;Матвеевич;1;1;19.09.2019;19.09.2020
Беломестнов;Анатолий;Дмитриевич;1;1;20.09.2019;20.09.2020
Дагиров;Глеб;Андреевич;1;1;21.09.2019;21.09.2020
Вольпова;Майя;Петровна;;5;22.09.2019;22.09.2020
Дорога;Елизавета;Несторовна;1;1;23.09.2019;23.09.2020
Набокин;Август;Святославович;1;1;24.09.2019;24.09.2020
Самохин;Артур;Ильевич;2;1;25.09.2019;25.09.2020
Дудина;Эльвира;Алексеевна;2;1;26.09.2019;26.09.2020
Голубцов;Игорь;Егорович;2;1;27.09.2019;27.09.2020
Глазков;Родион;Серафимович;2;1;28.09.2019;28.09.2020
Маховицкий;Арсений;Егорович;2;1;29.09.2019;29.09.2020
Кучава;Софья;Елизаровна;2;1;30.09.2019;30.09.2020
Колотилов;Лукьян;Евграфович;2;1;01.10.2019;01.10.2020
Пичушкин;Поликарп;Владимирович;2;1;02.10.2019;02.10.2020
Блаженова;Рената;Евгениевна;2;1;03.10.2019;03.10.2020
Скотарев;Герман;Эрнестович;2;1;04.10.2019;04.10.2020
Молчанов;Савелий;Федотович;2;1;05.10.2019;05.10.2020
Абакин;Бабан;Зурабович;2;1;06.10.2019;06.10.2020
Бабалич;Вагиф;Измаилович;2;1;07.10.2019;07.10.2020
Вавилов;Габидулла;Каримович;2;1;01.09.2019;01.09.2020
Габдрахманов;Дагзама;Леонтиевич;2;1;02.09.2019;02.09.2020
Давидич;Евдоким;Рафикович;2;1;03.09.2019;03.09.2020
Евдакова;Жалма;Нефёдовна;;4;04.09.2019;04.09.2020
Жабченко;Забия;Оскаровна;2;1;05.09.2019;05.09.2020
Заблякин;Иакин;Панасович;2;1;06.09.2019;06.09.2020
Абаджян;Августина;Абаджяновна;2;1;07.09.2019;07.09.2020
Баб;Байкал;Багдасарович;4;1;08.09.2019;08.09.2020
Ваапова;Вероника;Вавилична;4;1;09.09.2019;09.09.2020
Габ;Галя;Габриэльевна;;5;10.09.2019;10.09.2020
Дабагян;Дахе;Давидович;4;1;11.09.2019;11.09.2020
Еваленко;Ефим;Евгениевич;4;1;12.09.2019;12.09.2020
Жданова;Гретта;Жановична;4;1;13.09.2019;13.09.2020
Забабашкин;Димит;Захариевич;4;1;14.09.2019;14.09.2020
Иванов;Андрей;Иакимович;4;1;15.09.2019;15.09.2020
Юдин;Иван;Каземирович;4;1;16.09.2019;16.09.2020
Кабанова;Кapa;Лаврентиевна;4;1;17.09.2019;17.09.2020
Лаврентьев;Лавга;Назариевич;4;1;18.09.2019;18.09.2020
Макаров;Мaмсыр;Овидьевич;4;1;19.09.2019;19.09.2020
Назаров;Нaдир;Павлинович;4;1;20.09.2019;20.09.2020
Овчинников;Обас;Равильевич;4;1;21.09.2019;21.09.2020
Павлов;Пабин;Сабирович;4;1;22.09.2019;22.09.2020
Рогов;Рaфкат;Тадеушович;4;1;23.09.2019;23.09.2020
Савельев;Сaxьян;Уарович;4;1;24.09.2019;24.09.2020
Тарасов;Тeмир;Фабианович;4;1;25.09.2019;25.09.2020
Уваров;Назип;Харитониевич;4;1;26.09.2019;26.09.2020
Фадеев;Фабиан;Чингизович;4;1;27.09.2019;27.09.2020
Харитонов;Хaмацырен;Эдвардович;4;1;28.09.2019;28.09.2020
Цветкова;Цагаада;Ювеналиевна;5;1;29.09.2019;29.09.2020
Чернов;Чаал;Якимович;5;1;30.09.2019;30.09.2020
Шарапов;Шаадьин;Викентьевич;5;1;01.10.2019;01.10.2020
Щербаков;Эбдек;Гурьевич;5;1;02.10.2019;02.10.2020
Яковлев;Ювеналий;Федосиевич;5;1;03.10.2019;03.10.2020
Зализко;Яакко;Емельянович;5;1;04.10.2019;04.10.2020
Карпов;Калук;Ирживич;5;1;05.10.2019;05.10.2020
Лихачёв;Луарсаб;Кононович;5;1;06.10.2019;06.10.2020
Маслов;Макс;Боянович;5;1;07.10.2019;07.10.2020
Никифоров;Намхай;Варсонофьевич;5;1;01.09.2019;01.09.2020
Обама;Онос;Джорданович;5;1;02.09.2019;02.09.2020
Петров;Паслиске;Герасимович;5;1;03.09.2019;03.09.2020
Рыбаков;Рауф;Парамонович;5;1;04.09.2019;04.09.2020
Сафонов;Сайхат;Ренатович;6;1;05.09.2019;05.09.2020
Тихонов;Талиб;Самсонович;6;1;06.09.2019;06.09.2020
Зенченко;Каралхан;Титович;6;1;07.09.2019;07.09.2020
Белезняк;Маннур;Петрович;6;1;08.09.2019;08.09.2020
Захаренко;Нахидат;Рюрикович;6;1;09.09.2019;09.09.2020
Кузнецов;Очиржап;Сигизмундов;6;1;10.09.2019;10.09.2020
Мясников;Пиркко;Ильич;6;1;11.09.2019;11.09.2020
Сысоев;Рифгат;Кирович;6;1;12.09.2019;12.09.2020
Субботин;Сампил;Львович;6;1;13.09.2019;13.09.2020
Сергеев;Тархан;Нифонтович;6;1;14.09.2019;14.09.2020
Ширяев;Ухин;Федотович;6;1;15.09.2019;15.09.2020
Якушева;Фрида;Хрисанфовна;6;1;16.09.2019;16.09.2020
Самсонов;Хаписат;Христофорович;6;1;17.09.2019;17.09.2020
Ковалёв;Саян;Иустинович;6;1;18.09.2019;18.09.2020
Лыткин;Тетей;Кузьмичёв;7;1;19.09.2019;19.09.2020
Меркушев;Алексей;Сильванович;7;1;20.09.2019;20.09.2020
Носков;Александр;Перфилиевич;7;1;21.09.2019;21.09.2020
Хохлов;Денис;Русланович;7;1;22.09.2019;22.09.2020
Завадий;Дмитрий;Серафимович;7;1;23.09.2019;23.09.2020
Михеев;Максим;Изосимович;7;1;24.09.2019;24.09.2020
Носков;Николай;Карлович;7;1;25.09.2019;25.09.2020
Миронов;Кирилл;Леопольдович;7;1;26.09.2019;26.09.2020
Логвинов;Антон;Никанорович;7;1;27.09.2019;27.09.2020
Моисеев;Павел;Отарович;7;1;28.09.2019;28.09.2020
Князев;Иван;Панкратович;7;1;29.09.2019;29.09.2020
Мухин;Виктор;Рахмадович;7;1;30.09.2019;30.09.2020
Игнатьев;Пётр;Салманович;7;1;01.10.2019;01.10.2020
Лихачёв;Александр;Тигранович;7;1;02.10.2019;02.10.2020
Романов;Николай;Илиодорович;7;1;03.10.2019;03.10.2020
Лапин;Сергей;Кирикович;7;1;04.10.2019;04.10.2020
Орлов;Дмитрий;Лукьевич;7;1;05.10.2019;05.10.2020
Панфилов;Михаил;Нилович;7;1;06.10.2019;06.10.2020
Савин;Фёдор;Эмирович;7;1;07.10.2019;07.10.2020
Суворов;Александр;Юхимович;7;1;01.09.2019;01.09.2020
Фролов;Емельян;Ярославич;7;1;02.09.2019;02.09.2020
Чернов;Иосиф;Олесьевич;7;1;03.09.2019;03.09.2020
Куплинов;Дмитрий;Паисьевич;7;1;04.09.2019;04.09.2020
Холодков;Даниил;Радомирович;7;1;05.09.2019;05.09.2020
Ганин;Илья;Савватьевич;8;1;06.09.2019;06.09.2020
Токарева;Екатерина;Таликовна;8;1;07.09.2019;07.09.2020
Чевтаев;Виктор;Устинович;8;1;08.09.2019;08.09.2020
Пиицкий;Станислав;Фалалеевич;8;1;09.09.2019;09.09.2020
Егоров;Эдуард;Харламович;8;1;10.09.2019;10.09.2020
Ермишин;Николай;Абрамович;8;1;11.09.2019;11.09.2020
Глухов;Андрей;Богданович;8;1;12.09.2019;12.09.2020
Егоров;Даниил;Вадимович;8;1;13.09.2019;13.09.2020
Овчаренко;Егор;Гамлетович;8;1;14.09.2019;14.09.2020
Акименко;Николай;Даниилович;8;1;15.09.2019;15.09.2020
Суханова;Анастасия;Евграфьевна;8;1;16.09.2019;16.09.2020
Гринцова;Анна;Сильвановна;8;1;17.09.2019;17.09.2020
Сушко;Ольга;Алексеевна;8;1;18.09.2019;18.09.2020
Рюрикович;Олег;Вячеславович;8;1;19.09.2019;19.09.2020
Потапова;Наталья;Вадимовна;9;1;20.09.2019;20.09.2020
Лыткина;Милена;Тимофеевна;9;1;21.09.2019;21.09.2020
Фомин;Антип;Кондратиевич;9;1;22.09.2019;22.09.2020
Медведев;Семен;Несторович;9;1;23.09.2019;23.09.2020
Марков;Капитон;Иосифович;9;1;24.09.2019;24.09.2020
Капустин;Зиновий;Станиславович;9;1;25.09.2019;25.09.2020
Игнатьев;Лев;Тимофеевич;9;1;26.09.2019;26.09.2020
Соболева;Инесса;Григориевна;9;1;27.09.2019;27.09.2020
Фёдоров;Федот;Кондратиевич;9;1;28.09.2019;28.09.2020
Стрелкова;Таисия;Леонидовна;9;1;29.09.2019;29.09.2020
Переверзева;Дарья;Захаровна;9;1;30.09.2019;30.09.2020
Лукашенко;Диана;Анатолиевна;9;1;01.10.2019;01.10.2020
Щавельская;Марина;Родионовна;9;1;02.10.2019;02.10.2020
Эллинский;Парфен;Геннадиевич;9;1;03.10.2019;03.10.2020
Чазова;Ольга;Андрониковна;9;1;04.10.2019;04.10.2020
Баранова;Лада;Геннадиевна;9;1;05.10.2019;05.10.2020
Агапов;Евдоким;Чеславович;9;1;06.10.2019;06.10.2020
Долженко;Оксана;Георгиевна;9;1;07.10.2019;07.10.2020
Канадин;Захар;Ипполитов;10;1;01.09.2019;01.09.2020
Табернакулов;Моисей;Иосифович;10;1;02.09.2019;02.09.2020
Шатохин;Федор;Емельянов;10;1;03.09.2019;03.09.2020
Зёмин;Порфирий;Якубович;10;1;04.09.2019;04.09.2020
Конно;Ярослав;Еремеевич;10;1;05.09.2019;05.09.2020
Сильвестрова;Инна;Ростиславовна;10;1;06.09.2019;06.09.2020
Снаткин;Демьян;Иванович;10;1;07.09.2019;07.09.2020
Карманова;Всеслава;Александровна;10;1;08.09.2019;08.09.2020
Гунина;Лидия;Андрияновна;10;1;09.09.2019;09.09.2020
Семерикова;Агния;Антониновна;10;1;10.09.2019;10.09.2020
Радостина;Нона;Герасимовна;10;1;11.09.2019;11.09.2020
Карявина;Софья;Марковна;10;1;12.09.2019;12.09.2020
Будылин;Владлен;Игнатиевич;10;1;13.09.2019;13.09.2020
Касьяненко;Филимон;Анатолиевич;10;1;14.09.2019;14.09.2020
Беломестнова;Изольда;Кузьмевна;10;1;15.09.2019;15.09.2020
Майоров;Ульян;Сергеевич;10;1;16.09.2019;16.09.2020
Цейдлиц;Феофан;Михеев;10;1;17.09.2019;17.09.2020
Сияница;Людмила;Богдановна;10;1;18.09.2019;18.09.2020
Никонова;Ярослава;Борисовна;;5;19.09.2019;19.09.2020
Арсеиньева;Влада;Эмилевна;10;1;20.09.2019;20.09.2020
Безбородова;Вероника;Капитоновна;10;1;21.09.2019;21.09.2020
Мячина;Пелагея;Андроновна;;4;22.09.2019;22.09.2020
Эйлер;Арсений;Степанович;11;1;23.09.2019;23.09.2020
Толбаева;Аза;Онуфриевна;11;1;24.09.2019;24.09.2020
Каипова;Инга;Захаровна;11;1;25.09.2019;25.09.2020
Бакшаева;Жанна;Мефодиевна;11;1;26.09.2019;26.09.2020
Кудрявцева;Дарья;Никитевна;11;1;27.09.2019;27.09.2020
Богачёв;Владилен;Юлиевич;11;1;28.09.2019;28.09.2020
Черниенко;Ева;Елисеевна;11;1;29.09.2019;29.09.2020
Лимонова;Алла;Анатолиевна;;5;30.09.2019;30.09.2020
Руских;Даниил;Эдуардович;11;1;01.10.2019;01.10.2020
Полушин;Клавдий;Евгениевич;11;1;02.10.2019;02.10.2020
Федосов;Трофим;Анатолиевич;11;1;03.10.2019;03.10.2020
Шурдука;Зинаида;Глебовна;11;1;04.10.2019;04.10.2020
Курневич;Трофим;Давидович;11;1;05.10.2019;05.10.2020
Будылин;Евстигней;Никитевич;11;1;06.10.2019;06.10.2020
Мусорина;Юлия;Ивановна;11;1;07.10.2019;07.10.2020
Ёлшин;Петр;Игоревич;11;1;01.09.2019;01.09.2020
Торсунов;Иосиф;Владиславович;11;1;02.09.2019;02.09.2020
Галкина;Лада;Борисовна;12;1;03.09.2019;03.09.2020
Скворцов;Андриян;Евлампиевич;12;1;04.09.2019;04.09.2020
Радченко;Доминика;Самуиловна;12;1;05.09.2019;05.09.2020
Савин;Ростислав;Тимофеевич;12;1;06.09.2019;06.09.2020
Шерстова;Валентина;Несторовна;12;1;07.09.2019;07.09.2020
Логвинов;Поликарп;Евгениевич;12;1;08.09.2019;08.09.2020
Путилина;Эмилия;Игнатиевна;12;1;09.09.2019;09.09.2020
Крюкова;Рената;Глебовна;12;1;10.09.2019;10.09.2020
Дорогова;Любовь;Денисовна;12;1;11.09.2019;11.09.2020
Углова;Рада;Ермолаевна;12;1;12.09.2019;12.09.2020
Мандрыков;Афанасий;Леонидович;12;1;13.09.2019;13.09.2020
Курзыбова;Кристина;Иларионовна;12;1;14.09.2019;14.09.2020
Яловкин;Денис;Кузьмевич;12;1;15.09.2019;15.09.2020
Калягин;Кир;Никанорович;12;1;16.09.2019;16.09.2020
Яковленко;Всеслав;Яковович;12;1;17.09.2019;17.09.2020
Дюженков;Василий;Иосифович;12;1;18.09.2019;18.09.2020
Прибыльнова;Анфиса;Ульяновна;13;1;19.09.2019;19.09.2020
Ломтева;Валерия;Владленовна;13;1;20.09.2019;20.09.2020
Жданова;Всеслава;Мефодиевна;13;1;21.09.2019;21.09.2020
Бондарева;Мария;Андроновна;13;1;22.09.2019;22.09.2020
Панькива;Арина;Романовна;13;1;23.09.2019;23.09.2020
Феднова;Василиса;Игнатиевна;13;1;24.09.2019;24.09.2020
Дьячкова;Милена;Ефимовна;13;1;25.09.2019;25.09.2020
Исаков;Виссарион;Афанасиевич;13;1;26.09.2019;26.09.2020
Михалицына;Полина;Олеговна;13;1;27.09.2019;27.09.2020
Лагошина;Альбина;Фомевна;13;1;28.09.2019;28.09.2020
Шихина;Анфиса;Мефодиевна;;5;29.09.2019;29.09.2020
Полушин;Дмитрий;Ульянович;13;1;30.09.2019;30.09.2020
Лагошина;Лидия;Виталиевна;13;1;01.10.2019;01.10.2020
Антипова;Эмилия;Мартьяновна;13;1;02.10.2019;02.10.2020
Чучумашев;Мир;Иларионович;13;1;03.10.2019;03.10.2020
Яфаева;Злата;Олеговна;13;1;04.10.2019;04.10.2020
Арефьева;Диана;Федоровна;13;1;05.10.2019;05.10.2020
Тычкина;Евгения;Ростиславовна;13;1;06.10.2019;06.10.2020
Милютина;Регина;Ивановна;13;1;07.10.2019;07.10.2020
Самошин;Федор;Николаевич;14;1;01.09.2019;01.09.2020
Кудрин;Давид;Давидович;14;1;02.09.2019;02.09.2020
Ярлыкова;Милена;Игоревна;14;1;03.09.2019;03.09.2020
Жиленков;Олег;Захарович;14;1;04.09.2019;04.09.2020
Ягодина;Оксана;Сигизмундовна;14;1;05.09.2019;05.09.2020
Завражин;Терентий;Денисович;14;1;06.09.2019;06.09.2020
Халипова;Рада;Фомевна;14;1;07.09.2019;07.09.2020
Курбатова;Ефросиния;Давидовна;14;1;08.09.2019;08.09.2020
Лоскутова;Изольда;Афанасиевна;14;1;09.09.2019;09.09.2020
Кувшинов;Тимур;Назарович;14;1;10.09.2019;10.09.2020
Крыжова;Влада;Ростиславовна;14;1;11.09.2019;11.09.2020
Юрьев;Кондратий;Николаевич;14;1;12.09.2019;12.09.2020
Вергунов;Кузьма;Семенович;14;1;13.09.2019;13.09.2020
Русинов;Кондратий;Артемиевич;14;1;14.09.2019;14.09.2020
Евстигнеева;Ангелина;Владиславовна;14;1;15.09.2019;15.09.2020
Ледовский;Фока;Казимирович;14;1;16.09.2019;16.09.2020
Блаженов;Святослав;Онуфриевич;14;1;17.09.2019;17.09.2020
Щербина;Арина;Ипатиевна;14;1;18.09.2019;18.09.2020
Акулиничева;Алла;Родионовна;14;1;19.09.2019;19.09.2020
Другаль;Ираида;Тимофеевна;;4;20.06.2019;20.06.2020
Колганова;Бронислава;Мечиславовна;14;1;21.09.2019;21.09.2020
Чернобровин;Артем;Святославович;15;1;22.09.2019;22.09.2020
Проскура;Платон;Тихонович;15;1;23.09.2019;23.09.2020
Ковригина;Лилия;Ильевна;15;1;24.09.2019;24.09.2020
Тимирёва;Рената;Измаиловна;15;1;25.09.2019;25.09.2020
Муратова;Варвара;Иларионовна;15;1;26.09.2019;26.09.2020
Кизюрин;Кирилл;Всеволодович;15;1;27.09.2019;27.09.2020
Шапцев;Нестор;Степанович;15;1;28.09.2019;28.09.2020
Сухомлина;Элеонора;Серафимовна;15;1;29.09.2019;29.09.2020
Перова;Вера;Казимировна;15;1;30.09.2019;30.09.2020
Кривоплясов;Кондрат;Игоревич;15;1;01.10.2019;01.10.2020
Добрынин;Евстигней;Федорович;15;1;02.10.2019;02.10.2020
Каргина;Варвара;Федотовна;15;1;03.10.2019;03.10.2020
Захарьин;Якуб;Артемиевич;15;1;04.10.2019;04.10.2020
Косма;Пахом;Несторович;15;1;05.10.2019;05.10.2020
Кутлыев;Самсон;Капитонович;15;1;06.10.2019;06.10.2020
Николенко;Эмма;Родионовна;15;1;07.10.2019;07.10.2020
Янгосяров;Иван;Дмитриевич;15;1;01.09.2019;01.09.2020
Бычков;Яков;Иннокентиевич;15;1;02.09.2019;02.09.2020
Глаголева;Лидия;Петровна;;4;03.08.2019;03.08.2020
Яговкина;Агния;Константиновна;15;1;04.09.2019;04.09.2020
Голубев;Максимильян;Иванович;15;1;05.09.2019;05.09.2020
Комарова;Лариса;Ивановна;15;1;06.09.2019;06.09.2020
Смирновская;Нона;Александровна;15;1;07.09.2019;07.09.2020
Набатникова;Владлена;Архиповна;16;1;08.09.2019;08.09.2020
Ягнятев;Авдей;Артемович;16;1;09.09.2019;09.09.2020
Цейдлерина;Владлена;Мартьяновна;16;1;10.09.2019;10.09.2020
Бочаров;Прокофий;Геннадиевич;16;1;11.09.2019;11.09.2020
Богомазов;Виссарион;Фомевич;16;1;12.09.2019;12.09.2020
Игнатенко;Альбина;Якововна;16;1;13.09.2019;13.09.2020
Грибакин;Константин;Наумович;16;1;14.09.2019;14.09.2020
Хасликова;Ульяна;Олеговна;16;1;15.09.2019;15.09.2020
Благов;Мирон;Евлампиевич;16;1;16.09.2019;16.09.2020
Жжёнова;Каролина;Вадимовна;16;1;17.09.2019;17.09.2020
Гроша;Денис;Глебович;16;1;18.09.2019;18.09.2020
Яковченко;Изольда;Сергеевна;16;1;19.09.2019;19.09.2020
Ряполова;Аза;Онуфриевна;16;1;20.09.2019;20.09.2020
Шалупов;Григорий;Серафимович;16;1;21.09.2019;21.09.2020
Волошин;Юрий;Даниилович;16;1;22.09.2019;22.09.2020
Янибеков;Парфен;Казимирович;16;1;23.09.2019;23.09.2020
Кочинян;Злата;Евлампиевна;16;1;24.09.2019;24.09.2020
Сенотрусова;Ефросиния;Кирилловна;16;1;25.09.2019;25.09.2020
Погребнова;Лада;Гордеевна;17;1;26.09.2019;26.09.2020
Кирпа;Моисей;Олегович;17;1;27.09.2019;27.09.2020
Хейчеева;Нона;Давидовна;17;1;28.09.2019;28.09.2020
Большов;Семен;Иванович;17;1;29.09.2019;29.09.2020
Низенька;Эмма;Афанасиевна;17;1;30.09.2019;30.09.2020
Печкин;Артем;Касьянович;17;1;01.10.2019;01.10.2020
Невшупа;Майя;Святославовна;17;1;02.10.2019;02.10.2020
Барышникова;Розалия;Глебовна;17;1;03.10.2019;03.10.2020
Первак;Станислав;Гаврилевич;17;1;04.10.2019;04.10.2020
Кочергов;Иван;Евгениевич;17;1;05.10.2019;05.10.2020
Митрохин;Сергей;Геннадиевич;17;1;06.10.2019;06.10.2020
Шумилова;Варвара;Фомевна;17;1;07.10.2019;07.10.2020
Рясной;Поликарп;Всеволодович;17;1;01.09.2019;01.09.2020
Дуванов;Вячеслав;Григориевич;17;1;02.09.2019;02.09.2020
Рогозина;Лилия;Казимировна;17;1;03.09.2019;03.09.2020
Петрухин;Филимон;Никифорович;17;1;04.09.2019;04.09.2020
Январев;Лукьян;Тарасович;17;1;05.09.2019;05.09.2020
Аникина;Фаина;Андрияновна;18;1;06.09.2019;06.09.2020
Москвин;Егор;Мефодиевич;18;1;07.09.2019;07.09.2020
Ярина;Клара;Самуиловна;18;1;08.09.2019;08.09.2020
Захарьин;Ростислав;Николаевич;18;1;09.09.2019;09.09.2020
Макушева;Инесса;Родионовна;18;1;10.09.2019;10.09.2020
Цейдлиц;Влада;Евгениевна;18;1;11.09.2019;11.09.2020
Лобачёва;Василиса;Родионовна;18;1;12.09.2019;12.09.2020
Вьялицын;Юлиан;Афанасиевич;18;1;13.09.2019;13.09.2020
Шидловская;Марианна;Николаевна;18;1;14.09.2019;14.09.2020
Дюженкова;Анастасия;Ростиславовна;18;1;15.09.2019;15.09.2020
Осенных;Руслан;Елизарович;18;1;16.09.2019;16.09.2020
Янишина;Нона;Игоревна;18;1;17.09.2019;17.09.2020
Карюкин;Пахом;Андроникович;18;1;18.09.2019;18.09.2020
Ковалева;Алиса;Семеновна;18;1;19.09.2019;19.09.2020
Погребняк;Порфирий;Леонидович;18;1;20.09.2019;20.09.2020
Бирюкова;Антонина;Федоровна;18;1;21.09.2019;21.09.2020
Элькин;Серафим;Даниилович;18;1;22.09.2019;22.09.2020
Голубкина;Элеонора;Кондратиевна;18;1;23.09.2019;23.09.2020
Чумаков;Никита;Брониславович;18;1;24.09.2019;24.09.2020
Лагутов;Варфоломей;Иннокентиевич;18;1;25.09.2019;25.09.2020
Божкова;Всеслава;Феликсовна;18;1;26.09.2019;26.09.2020
Унтилова;Ариадна;Ипатиевна;18;1;27.09.2019;27.09.2020
Унгерн;Леонид;Данилович;18;1;28.09.2019;28.09.2020
Набатова;Елена;Ираклиевна;19;1;29.09.2019;29.09.2020
Яблокова;Ефросинья;Владленовна;19;1;30.09.2019;30.09.2020
Александрова;Лидия;Анатолиевна;19;1;01.10.2019;01.10.2020
Викаш;Нина;Михеевна;19;1;02.10.2019;02.10.2020
Романенко;Кристина;Ефремовна;19;1;03.10.2019;03.10.2020
Диденков;Кондрат;Зиновиевич;19;1;04.10.2019;04.10.2020
Андреюшкина;?Агата;Вячеславовна;19;1;05.10.2019;05.10.2020
Лобова;Доминика;Казимировна;19;1;06.10.2019;06.10.2020
Онегин;Егор;Михаилович;19;1;07.10.2019;07.10.2020
Федосова;?Агата;Петровна;19;1;01.09.2019;01.09.2020
Ермилова;Алина;Никаноровна;19;1;02.09.2019;02.09.2020
Туров;Сократ;Денисович;19;1;03.09.2019;03.09.2020
Вергунна;Жанна;Матвеевна;19;1;04.09.2019;04.09.2020
Помельникова;Лариса;Ростиславовна;19;1;05.09.2019;05.09.2020
Клемент;Капитон;Алексеевич;19;1;06.09.2019;06.09.2020
Казаринова;Ольга;Прокловна;19;1;07.09.2019;07.09.2020
Ярыгина;Любава;Феликсовна;19;1;08.09.2019;08.09.2020
Яфракова;Марфа;Феоктистовна;20;1;09.09.2019;09.09.2020
Красоткина;Диана;Геннадиевна;20;1;10.09.2019;10.09.2020
Сиясинова;Эмма;Кузьмевна;20;1;11.09.2019;11.09.2020
Тюлепова;Василиса;Мефодиевна;20;1;12.09.2019;12.09.2020
Язова;Альбина;Панкратиевна;20;1;13.09.2019;13.09.2020
Коржаева;Дарья;Захаровна;20;1;14.09.2019;14.09.2020
Сияницин;Евдоким;Андриянович;20;1;15.09.2019;15.09.2020
Якимов;Виссарион;Елисеевич;20;1;16.09.2019;16.09.2020
Янушкене;Глеб;Адрианович;20;1;17.09.2019;17.09.2020
Тарасова;Аза;Архиповна;20;1;18.09.2019;18.09.2020
Никоненко;Артур;Савелиевич;20;1;19.09.2019;19.09.2020
Кучава;Эльвира;Елизаровна;20;1;20.09.2019;20.09.2020
Густокашин;Глеб;Анатолиевич;20;1;21.09.2019;21.09.2020
Ревягин;Тимофей;Андриянович;20;1;22.09.2019;22.09.2020
Чичеров;Мир;Глебович;20;1;23.09.2019;23.09.2020
Александрова;Жанна;Карповна;20;1;24.09.2019;24.09.2020
Крылов;Мефодий;Сергеевич;20;1;25.09.2019;25.09.2020
Лимонова;Вероника;Родионовна;21;1;26.09.2019;26.09.2020
Чекмарёв;Федот;Афанасиевич;21;1;27.09.2019;27.09.2020
Климцова;Таисия;Аполлинариевна;21;1;28.09.2019;28.09.2020
Крайнев;Лука;Ильевич;21;1;29.09.2019;29.09.2020
Ивашев;Дементий;Прохорович;21;1;30.09.2019;30.09.2020
Жигунов;Аскольд;Зиновиевич;21;1;01.10.2019;01.10.2020
Цуцкиха;Тимур;Святославович;21;1;02.10.2019;02.10.2020
Переверзев;Артемий;Семенович;21;1;03.10.2019;03.10.2020
Кемоклидзе;Андриян;Модестович;21;1;04.10.2019;04.10.2020
Ягода;?Агата;Денисовна;21;1;05.10.2019;05.10.2020
Горбачева;Дина;Михаиловна;21;1;06.10.2019;06.10.2020
Юркова;Злата;Захаровна;21;1;07.10.2019;07.10.2020
Каунайте;Владислав;Олегович;21;1;01.09.2019;01.09.2020
Андрюшина;Елена;Елизаровна;21;1;02.09.2019;02.09.2020
Толстобров;Прохор;Ираклиевич;21;1;03.09.2019;03.09.2020
Гусева;Алла;Олеговна;21;1;04.09.2019;04.09.2020
Карасёва;Людмила;Несторовна;21;1;05.09.2019;05.09.2020
Сапогов;Андрей;Евлампиевич;21;1;06.09.2019;06.09.2020
Берестова;Ульяна;Ипатиевна;21;1;07.09.2019;07.09.2020
Спирьянова;Владислава;Емельяновна;22;1;08.09.2019;08.09.2020
Нюхтилина;Валентина;Владиленовна;22;1;09.09.2019;09.09.2020
Чеснокова;Альбина;Макаровна;22;1;10.09.2019;10.09.2020
Корсакова;Элеонора;Мстиславовна;22;1;11.09.2019;11.09.2020
Крака;Людмила;Андрияновна;22;1;12.09.2019;12.09.2020
Казючиц;Агния;Юриевна;22;1;13.09.2019;13.09.2020
Эсце;Кирилл;Артемиевич;22;1;14.09.2019;14.09.2020
Рогачёв;Евгений;Ипполитович;22;1;15.09.2019;15.09.2020
Кобяков;Никита;Георгиевич;22;1;16.09.2019;16.09.2020
Бурцев;Гаврила;Олегович;22;1;17.09.2019;17.09.2020
Гарфа;Анисья;Олеговна;22;1;18.09.2019;18.09.2020
Журавлев;Руслан;Мирославович;22;1;19.09.2019;19.09.2020
Лагутова;Лиана;Андрияновна;22;1;20.09.2019;20.09.2020
Шуста;Варвара;Адриановна;22;1;21.09.2019;21.09.2020
Коршунов;Всеслав;Станиславович;22;1;22.09.2019;22.09.2020
Ковригина;Дина;Алексеевна;23;1;23.09.2019;23.09.2020
Садыкова;Ольга;Леонидовна;23;1;24.09.2019;24.09.2020
Куксюк;Вера;Герасимовна;23;1;25.09.2019;25.09.2020
Ярушин;Эммануил;Трофимович;23;1;26.09.2019;26.09.2020
Арчибасов;Ярослав;Серафимович;23;1;27.09.2019;27.09.2020
Верясов;Ян;Елизарович;23;1;28.09.2019;28.09.2020
Туржанский;Мирослав;Игоревич;23;1;29.09.2019;29.09.2020
Лель;Кира;Викентиевна;23;1;30.09.2019;30.09.2020
Минкина;Арина;Святославовна;23;1;01.10.2019;01.10.2020
Муравьёва;Таисия;Тимуровна;23;1;02.10.2019;02.10.2020
Картавая;Елена;Мефодиевна;23;1;03.10.2019;03.10.2020
Гурьев;Серафим;Юлиевич;23;1;04.10.2019;04.10.2020
Шибалкин;Мирослав;Фомевич;23;1;05.10.2019;05.10.2020
Сьянов;Измаил;Эрнстович;23;1;06.10.2019;06.10.2020
Рыбьяков;Руслан;Модестович;23;1;07.10.2019;07.10.2020
Разина;Инга;Арсениевна;23;1;01.09.2019;01.09.2020
Карасёва;Нина;Иннокентиевна;23;1;02.09.2019;02.09.2020
Нагиева;Вячеслава;Саввевична;24;1;03.09.2019;03.09.2020
Дежнёва;Ульяна;Анатолиевна;24;1;04.09.2019;04.09.2020
Капишников;Аскольд;Якубович;24;1;05.09.2019;05.09.2020
Глинка;Модест;Георгиевич;24;1;06.09.2019;06.09.2020
Уракова;Ангелина;Назаровна;24;1;07.09.2019;07.09.2020
Балунова;Оксана;Несторовна;24;1;08.09.2019;08.09.2020
Шерков;Гаврила;Климентович;24;1;09.09.2019;09.09.2020
Чунца;Александра;Кондратиевна;24;1;10.09.2019;10.09.2020
Коваль;Наталья;Натановна;24;1;11.09.2019;11.09.2020
Аленина;Светлана;Юлиевна;24;1;12.09.2019;12.09.2020
Таушева;Эмилия;Никитевна;24;1;13.09.2019;13.09.2020
Казаринова;Софья;Демьяновна;24;1;14.09.2019;14.09.2020
Эмин;Капитон;Остапович;24;1;15.09.2019;15.09.2020
Юганцева;Варвара;Владиленовна;24;1;16.09.2019;16.09.2020
Аминев;Всеслав;Степанович;24;1;17.09.2019;17.09.2020
Кузнецов;Авдей;Игоревич;24;1;18.09.2019;18.09.2020
Борков;Владислав;Тимофеевич;24;1;19.09.2019;19.09.2020
Воропаев;Василий;Никанорович;24;1;20.09.2019;20.09.2020
Гришачёв;Измаил;Олегович;24;1;21.09.2019;21.09.2020
Богатырёва;Дина;Кондратовна;24;1;22.09.2019;22.09.2020
Карамзин;Фаина;Модестович;24;1;23.09.2019;23.09.2020
Низенький;Мир;Станиславович;;4;21.07.2019;21.07.2020
Слепынина;Ираида;Евгениевна;25;1;25.09.2019;25.09.2020
Топорков;Аскольд;Артемиевич;25;1;26.09.2019;26.09.2020
Сусляков;Юрий;Николаевич;25;1;27.09.2019;27.09.2020
Большаков;Сергей;Проклович;25;1;28.09.2019;28.09.2020
Ковригин;Алексей;Афанасиевич;25;1;29.09.2019;29.09.2020
Плюхин;Парфен;Эрнстович;25;1;30.09.2019;30.09.2020
Элефтерова;Зинаида;Всеволодовна;25;1;01.10.2019;01.10.2020
Богоносцева;Марианна;Трофимовна;25;1;02.10.2019;02.10.2020
Ханцева;Оксана;Федосиевна;25;1;03.10.2019;03.10.2020
Анисимов;Самсон;Ильич;25;1;04.10.2019;04.10.2020
Слепцова;Лиана;Владиленовна;25;1;05.10.2019;05.10.2020
Лагутова;Рената;Андрониковна;25;1;06.10.2019;06.10.2020
Мячина;Кондрат;Михаилович;25;1;07.10.2019;07.10.2020
Бабиков;Тихон;Викентиевич;25;1;06.09.2019;06.09.2020
Яглинцева;Анна;Никитевна;25;1;13.09.2019;13.09.2020
Колесников;Всеслав;Трофимович;25;1;27.12.2019;27.12.2020
Курсалина;?Агата;Онисимовна;25;1;11.10.2019;11.10.2020
Красоткин;Дмитрий;Ипполитович;25;1;03.09.2019;03.09.2020
Карамышева;Розалия;Тимофеевна;26;1;01.10.2019;01.10.2020
Шапцев;Варфоломей;Григориевич;26;1;02.10.2019;02.10.2020
Распутин;Андриян;Макарович;26;1;03.10.2019;03.10.2020
Лимонова;Эльвира;Вячеславовна;26;1;04.10.2019;04.10.2020
Кадетов;Бронислав;Федорович;26;1;05.10.2019;05.10.2020
Дагиров;Мирослав;Чеславович;26;1;06.10.2019;06.10.2020
Авдошкин;Андрей;Онисимович;26;1;07.10.2019;07.10.2020
Сайтахметов;Андрон;Филиппович;26;1;01.09.2019;01.09.2020
Ярополов;Герман;Всеволодович;26;1;02.09.2019;02.09.2020
Агапова;Юлия;Мироновна;26;1;03.09.2019;03.09.2020
Нутрихина;Ульяна;Иосифовна;26;1;04.09.2019;04.09.2020
Иноземцев;Всеслав;Тимофеевич;26;1;05.09.2019;05.09.2020
Апакидзе;Чеслав;Емельянович;26;1;06.09.2019;06.09.2020
Голотина;Александра;Эрнстовна;26;1;07.09.2019;07.09.2020
Зубока;Елизавета;Андрияновна;26;1;08.09.2019;08.09.2020
Устимович;Степан;Ипполитович;26;1;09.09.2019;09.09.2020
Шверник;Глеб;Эрнстович;26;1;10.09.2019;10.09.2020
Канашова;Ираида;Андрияновна;26;1;11.09.2019;11.09.2020
Охремовна;Вероника;Глебовна;26;1;12.09.2019;12.09.2020
Худяков;Фадей;Измаилович;26;1;13.09.2019;13.09.2020
Витюгов;Наум;Богданович;26;1;14.09.2019;14.09.2020
Белоконь;Кларк;Викентиевич;27;1;15.09.2019;15.09.2020
Кирилов;Рубен;Владиленович;27;1;16.09.2019;16.09.2020
Пряхина;Алла;Леонидовна;27;1;17.09.2019;17.09.2020
Смелоч;Элеонора;Александровна;27;1;18.09.2019;18.09.2020
Балакин;Валерьян;Измаилович;27;1;19.09.2019;19.09.2020
Люба;Мария;Ивановна;27;1;20.09.2019;20.09.2020
Зимин;Прокл;Пахомович;27;1;21.09.2019;21.09.2020
Курдина;Рената;Яновна;27;1;22.09.2019;22.09.2020
Елисеева;Кира;Брониславовна;27;1;23.09.2019;23.09.2020
Чистяков;Антон;Самуилович;27;1;24.09.2019;24.09.2020
Храмова;Оксана;Михаиловна;27;1;25.09.2019;25.09.2020
Хлопонина;Елена;Касьяновна;27;1;26.09.2019;26.09.2020
Никулин;Кондратий;Юлиевич;27;1;27.09.2019;27.09.2020
Бабичев;Юлий;Фомевич;27;1;28.09.2019;28.09.2020
Жичкин;Кузьма;Карпович;27;1;29.09.2019;29.09.2020
Майструк;Пимен;Глебович;27;1;30.09.2019;30.09.2020
Шипицын;Афанасий;Иларионович;27;1;01.10.2019;01.10.2020
Делов;Ярослав;Кондратович;27;1;02.10.2019;02.10.2020
Соломинцева;Наталия;Емельяновна;27;1;03.10.2019;03.10.2020
Шверникова;Ева;Виталиевна;28;1;04.10.2019;04.10.2020
Демченко;Розалия;Владленовна;28;1;05.10.2019;05.10.2020
Захарова;Оксана;Кузьмевна;28;1;06.10.2019;06.10.2020
Кирилловская;Марфа;Германовна;28;1;07.10.2019;07.10.2020
Негеса;Михаил;Павлович;28;1;01.09.2019;01.09.2020
Рождественский;Клавдий;Мирославович;28;1;02.09.2019;02.09.2020
Трофимов;Дмитрий;Савелиевич;28;1;03.09.2019;03.09.2020
Сыромятникова;Ольга;Николаевна;28;1;04.09.2019;04.09.2020
Казаньков;Юлий;Несторович;28;1;05.09.2019;05.09.2020
Плюхин;Юлий;Фомевич;28;1;06.09.2019;06.09.2020
Щуров;Мстислав;Емельянович;28;1;07.09.2019;07.09.2020
Бутиков;Владимир;Иванович;28;1;08.09.2019;08.09.2020
Кошляков;Ефрем;Фролович;28;1;09.09.2019;09.09.2020
Кобелев;Парфен;Святославович;28;1;10.09.2019;10.09.2020
Аношкин;Чеслав;Петрович;28;1;11.09.2019;11.09.2020
Ядренников;Владислав;Владиславович;28;1;12.09.2019;12.09.2020
Гречко;Алина;Павловна;28;1;13.09.2019;13.09.2020
Астафьев;Дмитрий;Несторович;28;1;14.09.2019;14.09.2020
Прокашев;Адам;Никитевич;28;1;15.09.2019;15.09.2020
Чашина;Юнона;Елисеевна;29;1;16.09.2019;16.09.2020
Аксенова;Клара;Олеговна;29;1;17.09.2019;17.09.2020
Черкасов;Максимильян;Антонинович;29;1;18.09.2019;18.09.2020
Макарова;Марина;Ипполитовна;29;1;19.09.2019;19.09.2020
Тукай;Пелагея;Емельяновна;29;1;20.09.2019;20.09.2020
Винтухова;Элеонора;Карповна;29;1;21.09.2019;21.09.2020
Гольдина;Маргарита;Саввевна;29;1;22.09.2019;22.09.2020
Квасков;Никон;Сократович;29;1;23.09.2019;23.09.2020
Коровин;Павел;Севастьянович;29;1;24.09.2019;24.09.2020
Уракова;Анастасия;Зиновиевна;29;1;25.09.2019;25.09.2020
Есипов;Гавриил;Георгиевич;29;1;26.09.2019;26.09.2020
Барсов;Фока;Захарович;29;1;27.09.2019;27.09.2020
Палагута;Елизавета;Степановна;29;1;28.09.2019;28.09.2020
Яицкий;Измаил;Анатолиевич;29;1;29.09.2019;29.09.2020
Яблочкин;Потап;Глебович;29;1;30.09.2019;30.09.2020
Кузьмова;Наталия;Ерофеевна;29;1;01.10.2019;01.10.2020
Каиров;Владлен;Янович;29;1;02.10.2019;02.10.2020
Котов;Архип;Сигизмундович;29;1;03.10.2019;03.10.2020
Лихачева;Ева;Архиповна;29;1;04.10.2019;04.10.2020
Мишуринский;Потап;Олегович;29;1;05.10.2019;05.10.2020
Ульянова;Кира;Матвеевна;29;1;06.10.2019;06.10.2020
Грибакин;Георгий;Ираклиевич;29;1;07.10.2019;07.10.2020
Бранта;Наталья;Капитоновна;30;1;01.09.2019;01.09.2020
Шостенко;Людмила;Прокловна;30;1;02.09.2019;02.09.2020
Созонтова;Алиса;Евлампиевна;30;1;03.09.2019;03.09.2020
Ярилов;Казимир;Дмитриевич;30;1;04.09.2019;04.09.2020
Карташов;Ян;Серафимович;30;1;05.09.2019;05.09.2020
Медведева;Марина;Потаповна;30;1;06.09.2019;06.09.2020
Гуляев;Эмиль;Прохорович;30;1;07.09.2019;07.09.2020
Катков;Казимир;Яковович;30;1;08.09.2019;08.09.2020
Ясырева;Софья;Иннокентиевна;30;1;09.09.2019;09.09.2020
Безродный;Аким;Эдуардович;30;1;10.09.2019;10.09.2020
Мясникова;Юнона;Анатолиевна;30;1;11.09.2019;11.09.2020
Морозова;Ярослава;Афанасиевна;30;1;12.09.2019;12.09.2020
Овчинников;Мартын;Кириллович;30;1;13.09.2019;13.09.2020
Ерхова;Ульяна;Леонидовна;30;1;14.09.2019;14.09.2020
Евсеева;Виктория;Семеновна;30;1;15.09.2019;15.09.2020
Лешев;Илья;Дмитриевич;30;1;16.09.2019;16.09.2020
Ясавеев;Мартын;Николаевич;30;1;17.09.2019;17.09.2020
Чубаров;Варфоломей;Даниилович;30;1;18.09.2019;18.09.2020
Лысов;Алексей;Филиппович;30;1;19.09.2019;19.09.2020
Ястржембский;Олег;Елизарович;31;1;20.09.2019;20.09.2020
Свечников;Даниил;Игоревич;31;1;21.09.2019;21.09.2020
Белочкин;Григорий;Евстафиевич;31;1;22.09.2019;22.09.2020
Ясинов;Аким;Архипович;31;1;23.09.2019;23.09.2020
Лихачев;Ираклий;Давыдович;31;1;24.09.2019;24.09.2020
Яловенко;Ким;Казимирович;31;1;25.09.2019;25.09.2020
Сиялов;Геннадий;Кондратиевич;31;1;26.09.2019;26.09.2020
Бибиков;?Август;Олегович;31;1;27.09.2019;27.09.2020
Шилов;Елисей;Сидорович;31;1;28.09.2019;28.09.2020
Митрохов;Феликс;Филимонович;31;1;29.09.2019;29.09.2020
Недельский;Андриян;Ипполитович;31;1;30.09.2019;30.09.2020
Якушин;Мстислав;Касьянович;31;1;01.10.2019;01.10.2020
Прибыльнов;Филимон;Самсонович;31;1;02.10.2019;02.10.2020
Ильясов;Эммануил;Ульянович;31;1;03.10.2019;03.10.2020
Мишутин;Григорий;Игнатиевич;31;1;04.10.2019;04.10.2020
Яржемковский;Никанор;Вячеславович;31;1;05.10.2019;05.10.2020
Боголюбов;Прокл;Адамович;31;1;06.10.2019;06.10.2020
Голотин;Прохор;Эрнстович;31;1;07.10.2019;07.10.2020
Негуторов;Мефодий;Федорович;32;1;01.09.2019;01.09.2020
Николаичев;Юлиан;Артемович;32;1;02.09.2019;02.09.2020
Борков;Руслан;Геннадиевич;32;1;03.09.2019;03.09.2020
Репин;Харитон;Никонович;32;1;04.09.2019;04.09.2020
Амелин;Агафон;Михеевич;32;1;05.09.2019;05.09.2020
Колесов;Семён;Якубович;32;1;06.09.2019;06.09.2020
Кочкорбаев;Якуб;Брониславович;32;1;07.09.2019;07.09.2020
Хуснутдинов;Ян;Титович;32;1;08.09.2019;08.09.2020
Галыгин;Максимильян;Федорович;32;1;09.09.2019;09.09.2020
Ходяев;Ипполит;Богданович;32;1;10.09.2019;10.09.2020
Смешной;Иннокентий;Никитевич;32;1;11.09.2019;11.09.2020
Немов;Потап;Михаилович;32;1;12.09.2019;12.09.2020
Цвиленев;Владимир;Прокофиевич;32;1;13.09.2019;13.09.2020
Чугунов;Самуил;Валериевич;32;1;14.09.2019;14.09.2020
Яранов;Пимен;Георгиевич;32;1;15.09.2019;15.09.2020
Катаев;Владимир;Тарасович;32;1;16.09.2019;16.09.2020
Кадетов;Федор;Самуилович;32;1;17.09.2019;17.09.2020
Янибеков;Афанасий;Эдуардович;32;1;18.09.2019;18.09.2020
Яловегин;Мстислав;Прохорович;32;1;19.09.2019;19.09.2020
Кутюков;Федот;Арсениевич;32;1;20.09.2019;20.09.2020
Белов;Терентий;Олегович;32;1;21.09.2019;21.09.2020
Коллеров;Платон;Натанович;33;1;01.10.2019;01.10.2020
Толоконский;Лавр;Андреевич;33;1;02.10.2019;02.10.2020
Жичкин;Пимен;Федотович;33;1;03.10.2019;03.10.2020
Курбонмамадов;Евсей;Аникитевич;33;1;04.10.2019;04.10.2020
Трындин;Дмитрий;Иванович;33;1;05.10.2019;05.10.2020
Малинов;Игнатий;Пахомович;33;1;06.10.2019;06.10.2020
Казарезов;Мстислав;Михаилович;33;1;07.10.2019;07.10.2020
Мозжухин;Анатолий;Даниилович;33;1;01.09.2019;01.09.2020
Бугаев;Зиновий;Иванович;33;1;02.09.2019;02.09.2020
Кулактин;Варфоломей;Изяславович;33;1;03.09.2019;03.09.2020
Радыгин;Семен;Иннокентиевич;33;1;04.09.2019;04.09.2020
Яцко;Аристарх;Никитевич;33;1;05.09.2019;05.09.2020
Голубцов;Капитон;Моисеевич;33;1;06.09.2019;06.09.2020
Квартин;Нестор;Панкратиевич;33;1;07.09.2019;07.09.2020
Курчатов;Измаил;Федорович;33;1;08.09.2019;08.09.2020
Кардапольцев;Ефрем;Проклович;33;1;09.09.2019;09.09.2020
Бабиков;Андриян;Демьянович;33;1;10.09.2019;10.09.2020
Салко;Лев;Трофимович;33;1;11.09.2019;11.09.2020
Кочнев;Тимофей;Проклович;33;1;12.09.2019;12.09.2020
Климушин;Ян;Афанасиевич;33;1;13.09.2019;13.09.2020
Ратников;Пахом;Никифорович;33;1;14.09.2019;14.09.2020
Ямбушев;Аркадий;Ипполитович;33;1;15.09.2019;15.09.2020
Кузнецов;Филипп;Адамович;33;1;16.09.2019;16.09.2020
Кугушев;Лаврентий;Назарович;33;1;17.09.2019;17.09.2020
Дюженков;Нестор;Тарасович;33;1;18.09.2019;18.09.2020
Галиаскаров;Ким;Евлампиевич;34;1;19.09.2019;19.09.2020
Гнусарев;Евдоким;Всеволодович;34;1;20.09.2019;20.09.2020
Козарис;Евдоким;Григориевич;34;1;21.09.2019;21.09.2020
Яснов;Моисей;Родионович;34;1;22.09.2019;22.09.2020
Лобза;Карл;Эдуардович;34;1;23.09.2019;23.09.2020
Горемыкин;Фадей;Капитонович;34;1;24.09.2019;24.09.2020
Решетов;Аким;Чеславович;34;1;25.09.2019;25.09.2020
Вьялицын;Кирилл;Глебович;34;1;26.09.2019;26.09.2020
Яковченко;Агап;Даниилович;34;1;27.09.2019;27.09.2020
Котенко;Кир;Сократович;34;1;28.09.2019;28.09.2020
Мащенко;Виктор;Леонидович;34;1;29.09.2019;29.09.2020
Завьялов;Тихон;Назарович;34;1;30.09.2019;30.09.2020
Челпанов;Святослав;Агапович;34;1;01.10.2019;01.10.2020
Лобан;Евграф;Филиппович;34;1;02.10.2019;02.10.2020
Цирюльников;Эрнест;Феликсович;34;1;03.10.2019;03.10.2020
Неделяев;Кирилл;Мартьянович;34;1;04.10.2019;04.10.2020
Мирохин;Онуфрий;Дмитриевич;34;1;05.10.2019;05.10.2020
Горностаев;Карл;Фролович;34;1;06.10.2019;06.10.2020
Пустохин;Пимен;Самуилович;34;1;07.10.2019;07.10.2020
Лужков;Степан;Феликсович;34;1;01.09.2019;01.09.2020
Ольховский;Пимен;Макарович;;2;09.08.2019;09.08.2023
Платущихин;Иван;Чеславович;;3;21.07.2019;21.07.2020
Фотеев;Федор;Ипатиевич;;3;17.07.2019;17.07.2020
Тукаев;Семён;Эдуардович;;2;24.06.2019;24.06.2023
Радыгин;Аскольд;Евграфович;;2;30.06.2019;30.06.2023
Изотов;Федот;Елизарович;;4;04.08.2019;04.08.2020
Яговенко;Виталий;Евграфович;;4;08.08.2019;08.08.2020
Гольц;Эрнст;Иосифович;;2;12.08.2019;12.08.2023
Сарычев;Клавдий;Миронович;;3;16.08.2019;16.08.2020
Кудяев;Якуб;Феоктистович;;4;20.08.2019;20.08.2020
Белоногов;Чеслав;Эмилевич;;2;24.08.2019;24.08.2023
Дудинов;Владимир;Адамович;;3;28.08.2019;28.08.2020
Кожевин;Зиновий;Феликсович;;2;01.09.2019;01.09.2023
Алеев;Евдоким;Брониславович;;5;05.09.2019;05.09.2020
Грядкин;Никанор;Фролович;;5;09.09.2019;09.09.2020
Махов;Ростислав;Пахомович;;5;13.09.2019;13.09.2020